,title,channel,running_time,watch_date,watch_time,category,watched_YN
0,[한눈에 이슈] '요즘 누가 검색을 하니?'...구글의 충격적인 미래 현실로 / KBS  2023.02.11.,KBS News,24:35,2023-02-11,오후 1:18,,0
1,[아고라스쿨] 의료기기 인허가 프로세스에 대해서 알아보자!,보건산업혁신창업센터 KBIC,14:55,2023-02-11,오전 11:27,,0
2,챗 GPT 열풍! 인공지능(AI) 관련주 어떻게 될까,황현희 - 조사하면 돈 나와,12:58,2023-02-11,오전 8:36,,1
3,죄송합니다...,도레,7:55,2023-02-11,오전 8:33,,0
4,현직자가 말하는 요즘 신입사원 나이?,캐치TV,3:28,2023-02-10,오후 11:50,,0
5,IT취업공식 1편 (IT에서 취업활동하다 인생꼬이는 사례),스칼라의 IT직업충전소,11:18,2023-02-10,오후 11:46,,0
6,아니 이 회사는 왜 아무것도 안하냐 ㅋㅋ SNL코리아,쇼츠 다나와,0:59,2023-02-10,오후 11:45,,0
7,공자ㅣ사람을 보는 9가지 지혜ㅣ삶의 지혜,MB MOTIVATION,7:58,2023-02-10,오후 11:42,,0
8,취준 상황별 취준생이 지금 해야 하는 것,면접왕 이형,8:19,2023-02-10,오후 11:39,,0
9,30대라면 보지 마세요. 이미 늦었습니다,김달,19:21,2023-02-10,오후 11:27,,1
10,몇 번 자고 나면 끝날 관계,김달,8:22,2023-02-10,오후 11:27,,0
11,브리온 vs. 한화생명 | 매치35 하이라이트 | 02.10 | 2023 LCK 스프링 스플릿,LCK,37:21,2023-02-10,오후 9:29,,1
12,"단돈 10억으로 스데미돌이 만들기 [메이플스토리, 페이지]",페이지,8:56,2023-02-10,오후 9:23,,0
13,취준생이 서류 지원할 때 가장 어려운 것,면접왕 이형,56:08,2023-02-10,오후 7:44,,0
14,회사에 불만은 있지만 뭘 하고 싶은지 모르는 당신에게 I 구글 UX 리드 김은주,EO 이오,15:32,2023-02-10,오후 7:33,,1
15,"오빠, 오빠, 오빠 블루있어? | 브리온 vs. 한화생명 게임2 하이라이트 | 02.10 | 2023 LCK 스프링 스플릿",LCK,7:12,2023-02-10,오후 7:26,,1
16,롤 이스포츠가 머저리 같은 이유,누긍,8:33,2023-02-10,오후 7:17,,1
17,비전공자 예체능 출신 개발자 취업 준비 /  30살 중고신입 취준일기,AND (ft.인싸담당자),5:35,2023-02-10,오후 7:17,,0
18,조금 치는 샤코 서폿을 만나다,괴물쥐 유튜브,16:01,2023-02-10,오후 7:05,,1
19,[LPL룰러]룰러한테 제리를 풀어준 평범한 결과(중국반응),어웨이,2:13,2023-02-10,오후 7:03,,0
20,리마스터 씨맥이 기대된다는 쵸비,쵸비상 - Chovy Fan Archive,1:19,2023-02-10,오후 7:01,,0
21,케리아: POG는 내꺼니깐 펜타는 줄게 ㅋ [T1 vs BRO],플레임[이호종],23:17,2023-02-10,오후 6:42,,1
22,뚫어 김태민~! | 브리온 vs. 한화생명 게임1 하이라이트 | 02.10 | 2023 LCK 스프링 스플릿,LCK,7:19,2023-02-10,오후 6:34,,1
23,케리아의 바텀 해체 분석 | 리뷰데스크 Ep.3,LCK,6:31,2023-02-10,오후 6:32,,1
24,회사에서 승진을 하는 게 좋은걸까,퇴사한 이형,14:00,2023-02-10,오후 6:18,,1
25,"대학 중퇴 후 창업, 11년을 버티며 빛을 본 지금에야 깨달은 것 | Allo 홍용남",EO 이오,13:59,2023-02-07,오전 10:39,,0
26,"""인사팀에서 연락하더니 갑자기""...요즘 업계 상황 / 스브스뉴스",스브스뉴스 SUBUSUNEWS,4:18,2023-02-07,오전 12:57,,1
27,[자막뉴스] 막 나가는 10대들...파티룸 열자 '기절초풍' 장면 / YTN, YTN,2:13,2023-02-07,오전 12:14,,0
28,[자막뉴스] 중년 생각하면 '막막'…잘 다니던 학교 관두는 한국의 인재들 / JTBC News,JTBC News,1:54,2023-02-07,오전 12:14,,1
29,모자란다고 흐즈므르... 국민연금 고갈되면 MZ세대는 정말 연금을 못 받는 겁니까... / 비디오머그,비디오머그 - VIDEOMUG,2:59,2023-02-07,오전 12:13,,0
30,"[VLOG]직장인 브이로그(드디어 첫출근/매일매일 언박싱/롱부츠, 올리브영, 쿠팡, 조말론/가락시장 회식/잘 먹고 잘 노는 직장인)",수랑 soorang,8:02,2023-02-06,오후 11:01,,0
31,스타포스 개선이 필요 없는 이유 ㄷㄷ,밍밍츄츄,3:01,2023-02-06,오후 11:00,,0
32,나초 오빠 ❤,나초,8:41,2023-02-06,오후 10:59,,0
33,#rtx2080  vs #rtx4080  2세대만에 얼마나 좋아졌나?,민티저,11:32,2023-02-06,오후 10:58,,1
34,Data Analyst | Data Analyst Course | Data Analytics | Data Analytics Full Course 2022 | Simplilearn,Simplilearn,10:31:01,2023-02-06,오후 10:57,,0
35,[자막뉴스] 급한 불 끄려다 '직격탄'…도심 한복판 결국 이렇게 변했다 / JTBC News,JTBC News,4:07,2023-02-06,오후 10:54,,1
36,“이건 뭐 사중고예요”…벼랑 끝의 대한민국 농가 [9시 뉴스] / KBS  2023.02.06.,KBS News,2:18,2023-02-06,오후 10:51,,1
37,다시는 파란 대머리를 무시하지 마라.. [Faker Stream Highlight],T1 Faker,6:03,2023-02-06,오후 10:46,,1
38,e스포츠 토토 도입 찬반논쟁: 살길이냐 죽을길이냐,김성회의 G식백과,8:12,2023-02-06,오후 9:59,,1
39,"[자막뉴스] 돌아온 영업시간에 화난 은행원들 ""회사 고소할 것"" / YTN", YTN,2:08,2023-02-06,오후 9:56,,1
40,"""선생님 되려면 5~6년 공부해야""...'교전원' 도입 속도 / YTN", YTN,2:50,2023-02-06,오후 9:52,,1
41,공부법탐구 ② / 공부에 대한 공부 1부 (2014.07.08 방송)  [KBS시사 BACK],KBS시사,48:33,2023-02-06,오후 9:52,,0
42,신입 가능? 인센티브는? 근무 시간은? 요기요 신규 가맹점 영업 A to Z,위대한상상 (요기요),8:21,2023-02-06,오후 9:14,,0
43,주니어플라톤 교사용(한솔교육),platon15881185,7:52,2023-02-06,오후 9:12,,0
44,Ep(194) Data Engineer 로드맵 톺아보기2,데이터홀릭,1:00:04,2023-02-06,오후 8:55,,0
45,취업준비생이라면 반드시 거쳐야 하는 취업 준비의 6가지 계단,AND (ft.인싸담당자),8:17,2023-02-06,오후 4:54,,1
46,취준생 실수 TOP 3 | 취준생들이 처음에 가장 많이 하는 실수 3가지 [취린이 튜토리얼],AND (ft.인싸담당자),10:51,2023-02-06,오후 4:41,,1
47,1월 소비자물가 5.2%↑…전기·가스요금 역대 최대폭 급등/여전한 고물가에 경기 둔화 우려/[뉴스정주행] 2023년 2월 3일(금)/KBS,KBS News,34:04,2023-02-06,오후 1:46,,1
48,대학 등록금도 오른다 / '매달 88만 원'이 통장에 / '중국인 관광객' 한국 안 온다 - [생활경제]  / KBS  2023.02.06.,KBS News,2:33,2023-02-06,오후 1:43,,1
49,데이터 분석가는 유튜브 알고리즘을 예측할 수 있을까?,메타코드M,3:40,2023-02-06,오후 1:34,,0
50,2월에 절대 놓치면 안 되는 것,면접왕 이형,5:19,2023-02-06,오전 9:33,,0
51,성공하려면 게임 하지 마세요 | 부자들이 게임을 하지 않는 이유 | 성공한 사람들은 왜 다 워커홀릭인가?,하면 늘고 늘면 하고 - 우상향 라이프,5:42,2023-02-05,오후 8:29,,1
52,시계열 데이터 분석 기초 Part.1 #Python #파이썬,데이터 스테이션,19:52,2023-02-05,오후 6:47,,0
53,"[바비톡X다나카] 성형, 병원이 수술해? 의사가 수술해!",바비톡 - Babitalk,0:31,2023-02-05,오후 5:53,,1
54,"[바비톡X다나카] 성형, 피부시술 전 가격비교!",바비톡 - Babitalk,0:31,2023-02-05,오후 5:52,,1
55,현타오고 한국말 튀어나온 다나카,즐길거리 ,0:57,2023-02-05,오후 5:52,,0
56,[Playlist] 틀어놓으면 첫곡부터 극락가는 K-POP 노래모음 플레이리스트 | 케이팝 노동요 & 매장음악 플레이리스트,핑프,2:33:13,2023-02-05,오후 1:46,,0
57,OneRepublic - I Ain’t Worried (From “Top Gun: Maverick”) [Official Music Video],OneRepublicVEVO,2:35,2023-02-05,오후 1:43,,1
58,OneRepublic - I Ain’t Worried (Acoustic) [Official Audio],OneRepublicVEVO,2:30,2023-02-05,오후 1:43,,1
59,Yeseul interview INFJ 1920 1080,스픽 - Speak,0:53,2023-02-05,오전 12:34,,0
60,이직해서 절대 하면 안되는 것,퇴사한 이형,12:32,2023-02-05,오전 12:09,,1
61,원조의 품격 | 농심 vs. T1 게임2 하이라이트 | 02.04 | 2023 LCK 스프링 스플릿,LCK,11:43,2023-02-04,오후 9:33,,1
62,AI가 견적낸 컴퓨터를 조립해봤는데.. 갓성비 실화입니까?!ㄷㄷ 'ChatGPT로 컴퓨터 견적 내보기',도레,9:05,2023-02-04,오후 9:26,,1
63,초가스 키우기 | 디알엑스 vs. 한화생명 게임1 하이라이트 | 02.04 | 2023 LCK 스프링 스플릿,LCK,12:33,2023-02-04,오후 8:19,,1
64,신궁 | 농심 vs. T1 게임1 하이라이트 | 02.04 | 2023 LCK 스프링 스플릿,LCK,9:38,2023-02-04,오후 8:10,,1
65,"[스티브 잡스] A급 인재와 B급, C급 직원의 차이 (한영 자막)",Project스노우볼,7:27,2023-02-04,오후 8:02,,1
66,Crimson Raptor Champion Spotlight | Parody - League of Legends,Layvee,9:45,2023-02-04,오전 1:58,,0
67,젠지 vs. 리브 샌박 | 매치26 하이라이트 | 02.03 | 2023 LCK 스프링 스플릿,LCK,45:49,2023-02-04,오전 12:54,,1
68,KT vs. 광동 | 매치25 하이라이트 | 02.03 | 2023 LCK 스프링 스플릿,LCK,26:07,2023-02-04,오전 12:53,,
69,"솔직히, 연봉 얼마 받으세요? 직무, 연차별 현실 연봉 | ①광화문",캐치TV,4:48,2023-02-03,오전 11:46,,
70,갤S23 출시됐지만…값비싼 신제품 대신 중고 인기 / KBS  2023.02.03.,KBS News,2:12,2023-02-03,오전 11:43,,
71,이직을 성공할 수 밖에 없는 방법,면접왕 이형,10:57,2023-02-03,오전 11:36,,
72,"[퍼센트] 명품 소비 자극한 '불평등'…MZ 69.5% ""계층 이동 힘들 것"" / JTBC 뉴스룸",JTBC News,4:00,2023-02-03,오전 11:31,,
73,"코딩공부 작심삼일 실패하는 이유 (파이썬,C언어 먼저하면 망함) 부트캠프 강사가 알려주는 코딩 공부법, 코딩 독학하는 이들을 위한 영상",코딩알려주는누나,2:23,2023-02-03,오전 2:00,,
74,회사에서 오지랖이 필요할까,퇴사한 이형,8:07,2023-02-02,오후 11:23,,
75,구마유시 기강잡는 페이커 (feat. 페초리),Faker fan TV,1:33,2023-02-02,오후 11:23,,
76,포병지에 이은 포까뮤,글자네 YouTube,0:30,2023-02-02,오후 10:32,,1
77,불만족스러운 걸 삶에 들이지 마세요,말많은소녀,10:31,2023-02-02,오후 10:17,,1
78,두 달만에 전세계가 놀랐다…챗GPT의 위력 - [AI의 습격]① / KBS 2023.02.02.,KBS News,3:00,2023-02-02,오후 10:16,,1
79,[자막뉴스] 핵에 버금가는 위력...'괴물 미사일' 뭐길래?! / YTN, YTN,1:39,2023-02-02,오후 10:14,,1
80,"[자막뉴스] ""한국 핵무장, 전 세계 소프트파워 파괴"" 강력한 경고 / YTN", YTN,2:32,2023-02-02,오후 10:10,,1
81,"대통령마저 언급한 '한국 핵 보유론'…세계 석학들 ""공멸의 길""｜세 개의 전쟁 1부 / JTBC News",JTBC News,6:50,2023-02-02,오후 10:06,,1
82,[최신용산뉴스] SSD 불난 소식! 그리고... 디아블로4를 준비하는 PC라니!!! | 용팔이 훈련소,용팔이 훈련소,10:39,2023-02-02,오후 9:58,,1
83,블로그 저품질 뽀개기 by 그릿지선 블로그강사,그릿지선,10:00,2023-02-02,오후 5:54,,1
84,결혼하고 싶으면 제발 이렇게 연애하지 마세요,김달,8:18,2023-02-02,오후 5:46,,1
85,무조건 상반기에 합격하려면 지금 해야 하는 것,면접왕 이형,8:39,2023-02-02,오후 5:37,,1
86,"취업 공백기의 모든 것 | 공무원 준비, 스펙, 계속되는 불합격",면접왕 이형,1:12:21,2023-02-02,오후 5:36,,1
87,"식물과 대화하는 세상, 초소형 식물센서, ""텔로팜""",SBA서울R&D지원센터,3:22,2023-02-02,오후 4:13,,1
88,"총무, 경력에 도움이 될까?",잡플래닛-Jobplanet,10:29,2023-02-02,오후 1:07,,1
89,상반기에 합격하려면 자소서에 꼭 넣어야 하는 것,면접왕 이형,9:47,2023-02-02,오후 12:29,,1
90,직장은 꼬박꼬박 다니지만 돈이 모이지 않는 사람들의 특징,현대표(노아AI),11:42,2023-02-01,오후 7:56,,1
91,DRX vs. EDG 매치 하이라이트 | Quarter Finals | 10.24 | 2022 월드 챔피언십,LCK,1:19:36,2023-02-01,오후 7:56,,1
92,리브 샌박 vs. 농심 | 매치21 하이라이트 | 02.01 | 2023 LCK 스프링 스플릿,LCK,26:37,2023-02-01,오후 7:48,,1
93,"내 삶의 주도권을 쥐는 진짜 공부 | 최하은 '합격공식' 저자, 연세대 철학과 재학생 | #공부 #불량육아 #하은맘 | 세바시 1621회",세바시 강연 Sebasi Talk,14:57,2023-02-01,오후 6:45,,1
94,경력단절 NO! 자기계발 OK! 직원 복지에 진심인 기업의 조건! l 굿잡스 EP.09 데이터클립,AND (ft.인싸담당자),14:43,2023-02-01,오후 6:38,,1
95,[멤버십 10분 미리보기] 식량위기에서 살아남는 법 1강ㅣ서울대학교 농업생명과학대학 남재철 교수,서가명강,9:46,2023-02-01,오후 6:34,,1
96,하루 수익 13억 미친 대 생성AI 버블 시대의 개막,조코딩 JoCoding,8:58,2023-02-01,오후 6:22,,1
97,2022년에 취업한 데이터 분석가들의 취준 꿀팁! [2023 월간 데이터리안 세미나 미리보기],데이터리안 Datarian,2:45,2023-02-01,오후 6:15,,1
98,백엔드의 종말 등 최신 AI 뉴스와 인간에게 남은 역할,조코딩 JoCoding,8:23,2023-02-01,오후 6:05,,1
99,[EBS 뉴스브릿지] 조용한 퇴직에 이어 '분노의 구직' 이 온다 #분노의구직 #조용한퇴직 #Rage_Applying,이민영TV _Dr.HRD,10:25,2023-02-01,오후 6:05,,1
100,(주)텔로팜 부스 소개 [2022 대한민국 농업박람회 현장],2022 대한민국 농업박람회,2:09,2023-02-01,오후 3:41,,1
101,29세 프리랜서 조구현..,구현몬,8:52,2023-02-01,오후 3:10,,1
102,뭘 많이 하긴했는데 남는 게 없어요,면접왕 이형,20:04,2023-02-01,오후 3:06,,1
103,자기소개서부터 면접까지 한방에 끝내는 방법 (feat. 사례),면접왕 이형,15:22,2023-02-01,오후 3:06,,1
104,하반기에 자소서 합격하려면 꼭 알아야 하는 것,면접왕 이형,1:45:58,2023-02-01,오후 3:06,,1
105,영상 보고 꼭 점검하자! 취준생들이 가장 많이 하는 착각!! [취린이 튜토리얼],AND (ft.인싸담당자),4:38,2023-02-01,오후 2:45,,1
106,대기업 직장인의 MZ세대 체험기,몽과장,21:03,2023-02-01,오후 2:32,,1
107,데이터 기반으로 고객경험을 설계하라! DCX 강좌 오픈,티타임즈TV,2:13,2023-02-01,오후 2:31,,1
108,현재 롤이 케리아 메타가 된 이유,플레임[이호종],8:14,2023-02-01,오후 2:24,,1
109,"【롤】 프로가 말하는 딜포터 ( + 유행 이유, 서폿 아이템 너프 필요)",THIRD[롤 백과사전],2:33,2023-02-01,오후 1:38,,1
110,【패치노트】 카사딘 사망/크산테 사망/돌아온 정글/서폿 대격변 (+13.3 패치),THIRD[롤 백과사전],2:30,2023-02-01,오후 1:35,,1
111,광희의 미덕 | 광동 vs. 디알엑스 게임2 하이라이트 | 01.29 | 2023 LCK 스프링 스플릿,LCK,7:46,2023-02-01,오후 1:27,,1
112,사냥 개시 | 광동 vs. 디알엑스 게임1 하이라이트 | 01.29 | 2023 LCK 스프링 스플릿,LCK,11:07,2023-02-01,오후 1:14,,1
113,경제적 자유를 위한 최소한의 마인드셋 1시간 동기부여 마인드셋 오디오북 (2/4),동기부여학과 : 매일 듣는 성공 마인드 셋,1:40:04,2023-02-01,오전 10:06,,1
114,"가난한 사람은 모르지만, 부자들은 꼭 지키는 습관! (동기부여, 부자되는법, 경제적자유, 성공습관, 데일리리포트, 타이탄의도구들, 팀페리스, PDS 다이어리, 긍정확언)",자본가 마인드셋,8:11,2023-02-01,오전 9:55,,1
115,취업준비 즐겁게 하는 방법 3가지 알려드리겠습니다 [취린이 튜토리얼],AND (ft.인싸담당자),8:10,2023-02-01,오전 9:47,,1
116,롤을 하기 위해 산을 탔습니다. 북악산의 페이커 & HP 미니PC  | 용팔이 훈련소,용팔이 훈련소,20:21,2023-01-31,오후 8:24,,1
117,NS vs BRO - HLE vs KT | 2023 LCK CL 스프링 스플릿,LCK CL,6:11:59,2023-01-31,오후 8:22,,1
118,이번엔 정말 위험? 구글 발칵 뒤집은 AI의 등장,소수몽키,16:43,2023-01-31,오후 8:05,,1
119,"[자막뉴스] '이 숙제를 누가 했다고?'...충격받은 구글 ""직원 소집"" / YTN", YTN,2:03,2023-01-31,오후 8:03,,1
120,개발자는 시작일 뿐 2차 전직을 해야하는 시대,조코딩 JoCoding,4:03,2023-01-31,오후 1:57,,1
121,동기부여 필요할 때마다 보세요 [설 특집 북토크 동기부여 스페셜],북토크,54:19,2023-01-31,오후 1:29,,1
122,"가난한 사람의 3가지 습관, 부자 되려면 절대 하면 안됩니다.",북토크,13:26,2023-01-31,오후 1:12,,1
123,"1년 전,  대기업 퇴사 후 알바생이 된 남자",구현몬,9:26,2023-01-31,오후 1:02,,1
124,생각보다 부진한 한화생명한테 한 소리하는 클템ㅋㅋ |   2023 LCK SPRING 해설 하이라이트,오늘 게임 뭐 할까?,5:19,2023-01-31,오후 12:55,,1
125,면접에서 합격해도 무조건 걸러야 하는 회사,면접왕 이형,10:50,2023-01-31,오후 12:44,,1
126,일상 속 자극을 줄여보세요,이연LEEYEON,12:27,2023-01-31,오후 12:31,,1
127,숙제하는 페이커,Faker fan TV,2:05,2023-01-31,오후 12:28,,1
128,광고 협찬받는 네이버 블로그 만드는 아주 현실적인 방법!,스타트업테드님,11:31,2023-01-31,오전 9:22,,0
129,나에게 맞는 직장을 정하는 기준 | 힘들다고 아무데나 가면 더 힘들어짐. [취린이 튜토리얼],AND (ft.인싸담당자),10:52,2023-01-31,오전 1:51,,1
130,'내가 20살로 돌아간다면' 돈 이 없으면 이 3가지 부터 시작하세요 / 무일푼에서 부자 되는 가장 현실적인 방법 [송사무장 미니 특강],행크TV,27:26,2023-01-30,오후 8:09,,1
131,원딜 서폿에 대한 구마유시의 생각,Faker fan TV,3:50,2023-01-30,오후 8:02,,1
132,성공경험이 없다는 취준생들이 꼭 봐야하는 영상,면접왕 이형,6:07,2023-01-30,오후 2:29,,1
133,다트 들어가지 마세요. 취린이를 위한 기업분석 간단 꿀팁,캐치TV,7:26,2023-01-30,오후 1:56,,1
134,후회없이 회사를 선택하는 기준,퇴사한 이형,8:46,2023-01-30,오전 9:06,,1
135,나에게 맞는 직장을 정하는 기준 | 힘들다고 아무데나 가면 더 힘들어짐. [취린이 튜토리얼],AND (ft.인싸담당자),10:52,2023-01-30,오전 9:04,,1
136,The Witcher 3: Wild Hunt — Complete Edition | “Geralt & Ciri” Trailer,The Witcher,2:12,2023-01-29,오후 5:52,,1
137,Do Good with Data: Let’s talk about TIL+,The Information Lab,47:25,2023-01-29,오후 2:10,,0
138,필살기 Step 3: 인사이트 (면접관의 언어로 풀어주는 친절함까지..),면접왕 이형,7:17,2023-01-29,오후 12:49,,1
139,필살기 Step 2: 성공경험 (feat. 유사경험없다는 애들 일단 들어와봐~),면접왕 이형,6:57,2023-01-29,오후 12:41,,1
140,필살기 Step 1: 유사경험 (feat. 돈벌려고 했던 알바경험으로 면접을 붙는다고..?),면접왕 이형,7:22,2023-01-29,오후 12:36,,1
141,취업필살기 구조도 총정리! 면접과 자소서는 병렬이야! (믿고 따라오라니까~),면접왕 이형,10:32,2023-01-29,오후 12:35,,1
142,면접관 58%가 면접에서 뽑고 싶은 인재상,면접왕 이형,10:09,2023-01-29,오후 12:34,,1
143,"한번에 끝내는 데이터 분석 공부법 | SQL, 파이썬, R, 엑셀 강의 추천",곰사원은 곰대표,10:34,2023-01-29,오후 12:30,,1
144,중대발표 여러분 EO를 도와주세요,EO 이오,1:43,2023-01-29,오전 11:42,,0
145,[데이터야놀자2021] 공공데이터를 활용한 서울시 공/사교육 분석 - 고동우(데이터드림)님,데이터야놀자,14:45,2023-01-29,오전 11:26,,0
146,"빅데이터 취업 ""포트폴리오"" 100% 통과하는 방법!!",데이터왔수다!,6:03,2023-01-29,오전 10:59,,1
147,데이터 분석가 범진 님은 포트폴리오를 어떻게 준비했을까?│포트폴리오│자격증│방법,인프런 inflearn,3:33,2023-01-29,오전 10:55,,1
148,안쓰고 못배기는 일잘러의 노션활용법 (※ 노션은 공짜니까 꼭 쓰세요!!!),공여사들,22:55,2023-01-29,오전 10:54,,1
149,☀️ vs 🌕️ | T1 vs. 디플기아 게임3 하이라이트 | 01.28 | 2023 LCK 스프링 스플릿,LCK,8:08,2023-01-29,오전 12:08,,1
150,[한눈에 이슈] '상황이 이렇게 바뀌다니'…다이내믹한 전세 시장 / KBS 2023.01.28.,KBS News,12:52,2023-01-29,오전 12:04,,1
151,흑자헬스탠드업 3 - 한국 걸크러쉬는 안 멋져,흑자.지껄 SurplusTalk,6:46,2023-01-28,오후 11:58,,1
152,Yeseul interview INFJ 1920 1080,스픽 - Speak,0:53,2023-01-28,오후 11:58,,
153,압도적인 타격감 그리고 락앤롤! 2023 올해의 게임 첫 번째 후보가 등장했다!? 하이파이 러쉬 리뷰,말 많은 게이머 듀리,8:08,2023-01-28,오후 11:56,,0
154,[한눈에 이슈] '상황이 이렇게 바뀌다니'…다이내믹한 전세 시장 / KBS 2023.01.28.,KBS News,12:52,2023-01-28,오후 6:41,,1
155,☀️ vs 🌕️ | T1 vs. 디플기아 게임3 하이라이트 | 01.28 | 2023 LCK 스프링 스플릿,LCK,8:08,2023-01-28,오후 6:09,,1
156,롤은 루나제유~ | T1 vs. 디플기아 게임2 하이라이트 | 01.28 | 2023 LCK 스프링 스플릿,LCK,8:35,2023-01-28,오후 5:56,,1
157,강타아아아아-△- | T1 vs. 디플기아 게임1 하이라이트 | 01.28 | 2023 LCK 스프링 스플릿,LCK,9:45,2023-01-28,오후 5:45,,1
158,위쳐 3 DLC 하츠 오브 스톤 스토리 요약,모험러의 어드벤처,9:17,2023-01-28,오후 2:32,,1
159,자존감 낮은 사람들이 SNS에 사진 올리고 꼭 하는 행동,책식주의,5:52,2023-01-28,오후 1:39,,1
160,"'GOAT' 페이커의 역대급 신기록 달성, 그리고 T1의 변화점은? [T1 vs KT]",플레임[이호종],27:57,2023-01-28,오후 1:20,,1
161,한화는 왜 약팀이 되었는가 [HLE vs KT],플레임[이호종],21:04,2023-01-28,오후 12:58,,1
162,"위쳐3 4화 와일드헌트와 최종전투, 하츠 오브 스톤 DLC (한국어 풀더빙) The Witcher 3 22.12.19(월)",올냥이 AllTopCAT,7:53:35,2023-01-28,오전 10:30,,1
163,"[더 위쳐 3: 와일드 헌트] 14, DLC 하츠오브스톤 엔딩, 블러드앤와인 도입","눈부신 다시보기, 클립 (기록용)",4:25:57,2023-01-28,오전 10:30,,1
164,솔랭에서는 얼마나 셀까..? 자연재해급 구케 듀오 [Gumayusi Stream Highlight],T1 Gumayusi,7:13,2023-01-27,오후 8:59,,1
165,2월의 스팀 기대작들 초대박입니다. 전세계 스팀 유저들이 기다리는 2월의 신작게임들 추천!,말 많은 게이머 듀리,13:23,2023-01-27,오후 8:30,,1
166,역전강타 | 디알엑스 vs. 농심 게임1 하이라이트 | 01.27 | 2023 LCK 스프링 스플릿,LCK,11:56,2023-01-27,오후 7:44,,1
167,카트라이더에 용준좌가 돌아왔습니다. | 카트라이더 The And 1회,KARTRIDER,19:45,2023-01-27,오후 6:03,,1
168,"(ko) 각자도생의 시대, ‘인구’를 알아야 내일이 있다 ㅣ 전영수 ‘대한민국 인구트렌드 2022-2025’ 저자, 한양대 국제학대학원 교수 | 인구절벽 | 세바시 1486회",세바시 강연 Sebasi Talk,18:46,2023-01-27,오후 6:03,,0
169,[현장 카메라]지원자 0명 학과…꽃잎 지듯 대학도 질라 | 뉴스A,채널A 뉴스,3:41,2023-01-27,오후 5:59,,1
170,"누르면 시간 훅~간다ㅋ ""리스항구에서 셀라스 까지 걸어가기"" [메이플스토리]",대대장,12:25,2023-01-27,오후 5:19,,0
171,"🚨[신작 카트라이더 모바일] ""이거.. PC유저 이길 수 있나요?"" 처음 연습하다가 랭킹 찍음ㅋㅋㅋㅋㅋㅋㅋㅋ",형독방송,12:10,2023-01-27,오후 5:15,,0
172,블리자드 82조 딜을 막아서는 101개의 세력들,김성회의 G식백과,14:04,2023-01-27,오후 5:13,,0
173,[더 리니지? 쓰론 앤 리버티?] 엔씨신작 친자확인 들어갑니다,김성회의 G식백과,11:58,2023-01-27,오후 5:07,,0
174,"""집 왜 샀어..?"" 소리 듣는 요즘, 실수요자 분위기는 이렇습니다 [러셀 1부]",부읽남TV_내집마련부터건물주까지,22:36,2023-01-27,오후 4:56,,1
175,힘든 세상을 견디는 힘 | 신준석 세바시 대학 말하기 전공 4기 수료생 #동기부여 #인생 #행복,세바시 강연 Sebasi Talk,10:33,2023-01-27,오후 4:50,,1
176,Team F vs. Team D 매치 하이라이트 | SEASON 2023 KICKOFF,LCK,35:05,2023-01-27,오후 4:44,,1
177,문도 피구 | Team F vs. Team D 진영 선택 게임 | SEASON 2023 KICKOFF,LCK,9:53,2023-01-27,오후 4:33,,1
178,2023 T1의 역대급 설계와 속도 [T1 vs KDF],플레임[이호종],17:49,2023-01-27,오후 4:15,,1
179,페이커의 미드 베인 ㄷㄷ,롤 관전소,0:59,2023-01-27,오후 4:14,,1
180,롤도사 베릴의 역대급 꼴픽이 통했던 이유,둥쓰TV,8:26,2023-01-27,오후 4:14,,1
181,"페이커의 노스킨이 게임이 잘 된다는 베릴, 단 예외가 몇가지 있는데",베르릉,1:38,2023-01-27,오후 4:13,,1
182,개인방송 중 스킨을 끼지 않는 이유를 밝힌 T1의 페이커 ㅋㅋㅋㅋㅋ,아리tv-롤정보통,1:01,2023-01-27,오후 4:12,,1
183,⚠️싱싱미역시청주의⚠️ | T1 vs. 광동 게임1 하이라이트 | 01.26 | 2023 LCK 스프링 스플릿,LCK,7:35,2023-01-27,오후 4:05,,1
184,cvMax on T1 vs KDF: Zeri-Yuumi was a viable counter against Varus-Caitlyn,KORIZON Esports,6:28,2023-01-27,오후 3:58,,1
185,"2023년 대기업vs중견기업vs중소기업 연봉,월급,서울 아파트 평균 가격, 4분 완벽 정리",JOB썰 잡썰,4:02,2023-01-27,오후 3:55,,0
186,표식 북미 데뷔전에서 은퇴선언?.. 충격! 프린스 북미에서 맹활약! T1과 젠지 압도적인 체급으로 찍어 누르고 연승! 롤이슈 붐바야,붐바야,3:42,2023-01-27,오후 3:50,,1
187,"24살 비전공자 신입 개발자의 최종 합격 포트폴리오 (백엔드 · Java, PHP)",띵지로그 ddingji,12:03,2023-01-25,오후 7:57,,1
188,후회없이 회사를 선택하는 기준,퇴사한 이형,8:46,2023-01-25,오후 5:59,,1
189,그냥 솔직하게 말하는 이직물경력의 모든것,면접왕 이형,19:59,2023-01-25,오후 5:33,,1
190,수백 개의 포트폴리오를 본 면접관이 알려주는 포폴 준비하는 방법,면접왕 이형,10:22,2023-01-25,오후 5:29,,1
191,100명이 넘는 학생을 취업시켰습니다. 좋은 개발자 포트폴리오 나쁜 포트폴리오 전격 비교,코딩알려주는누나,15:22,2023-01-25,오후 5:20,,1
192,"서비스기획자 취업준비 자기소개서, 포트폴리오 총정리 | 무경력 신입 서류작성 팁",곰사원은 곰대표,12:13,2023-01-25,오후 5:13,,1
193,남자들이 20대를 만나려는 이유 2부,직업의모든것,10:48,2023-01-25,오후 5:08,,1
194,30대 예쁜 여자가 노처녀가 되어가는 과정 1부,직업의모든것,8:43,2023-01-25,오후 5:04,,1
195,"커리어를 성장시키는 자기계발 모임, 독서모임, 소모임 네트워킹 행사.zip | 트레바리 추천 후기",곰사원은 곰대표,12:50,2023-01-25,오후 4:59,,1
196,연애 시장에서 인기 없는 사람들이 가진 공통점,김달,11:58,2023-01-25,오후 4:12,,1
197,"2030, 제발 비혼 주의에 물들지 마세요",김달,16:22,2023-01-25,오후 4:04,,1
198,이런 남자 한 번 만나면 여자 인생 다 망칩니다,김달,10:33,2023-01-25,오후 3:58,,1
199,만날수록 질리는 남자 특징,김달,9:42,2023-01-25,오후 3:53,,1
200,"직장인이 후회하지 않으려면 해야할 단 1가지(대기업,전문직도 예외없음)",자유여량,6:10,2023-01-25,오후 3:52,,1
201,이제 인공지능은 기술이 아니라 마인드셋에 답이 있다 | 오순영 KB국민은행 금융AI센터장 | #CES #인공지능 #미래 | 세바시 1614회,세바시 강연 Sebasi Talk,23:51,2023-01-25,오후 12:43,,1
202,2023 년 신입 직원 공개 모집 안내-허수아비 컴퓨터 ヾ(＾-＾)ノ,허수아비,6:02,2023-01-25,오후 12:39,,1
203,PC 견적 한 번 보러 왔을 뿐인데 기가 차실겁니다. 2023년 용산 용팔이가 되어버린 스주형의 만행  | 용팔이 훈련소,용팔이 훈련소,10:24,2023-01-25,오후 12:35,,1
204,Ep 5. 데이터 엔지니어가 하는 일은? 데이터 엔지니어 공부 방법! (저만의 공부 방법 포함!),카일스쿨,17:53,2023-01-24,오전 11:06,,1
205,[U+ME] 데이터📊 어디까지 다뤄봤니? 데이터 엔지니어링 직무의 모든 것!,LG Uplus,4:43,2023-01-24,오전 11:05,,1
206,Ep(192) ChatGPT 사용 금지합니다!,데이터홀릭,1:19:24,2023-01-24,오전 11:04,,1
207,Ep(193) Data Engineer 로드맵 톺아보기,데이터홀릭,47:00,2023-01-24,오전 10:31,,1
208,[강연] Acts of a Darwin’s Apostle [다윈 사도 행전] _ by최재천 ㅣ 2022 가을 카오스강연 '진화' 10강,카오스 사이언스,2:05:55,2023-01-24,오전 10:31,,0
209,중국의 애플 맥북 마개조 현장.. 진짜 이렇게 팝니다ㅋㅋㅋㅋ,뻘짓연구소,8:36,2023-01-24,오전 8:21,,1
210,2년만에 나온 삼성의 끝판왕 SSD 가지고 왔습니다,눈쟁이,14:52,2023-01-24,오전 8:10,,1
211,[NDC22] 환영사,NDC,7:10,2023-01-24,오전 8:10,,0
212,[최강1교시] EP.03 타인과의 비교는 후회를 낳는다 I 판단과 의사결정에 숨은 심리 I 인지심리학자 김경일,캐내네 스피치,18:04,2023-01-24,오전 8:10,,1
213,Bdd 인터뷰 | KT vs. 농심 | 01.22 | 2023 LCK 스프링 스플릿,LCK,3:08,2023-01-22,오후 11:26,,1
214,용금님이 하사하시는 6꽉福이니라~ | KT vs. 농심 게임3 하이라이트 | 01.22 | 2023 LCK 스프링 스플릿,LCK,6:24,2023-01-22,오후 11:18,,1
215,스팀 역대급 설날 세일!! 무료 게임 2개 + 90% 할인 - 무조건 사야 하는 스팀 할인 게임 추천,시넌쓰,15:18,2023-01-21,오후 2:01,,1
216,가성비 지리는 만원 미만 스팀 명작 할인 게임 추천!! - 스팀/다이렉트 게임즈 겨울 할인 추천,시넌쓰,12:52,2023-01-21,오후 1:59,,1
217,싸게 질러 설날에 즐겨보자 | 스팀할인! 최대 90%할인!,인디테이머,11:45,2023-01-21,오후 1:58,,1
218,"🤔전에 ㅈㄴ 당당하던데 한 번 회의록 까볼까? [게관위 회의록 공개, P2E 중지, 롤 신작게임, 유비소프트 근황, 라오어 드라마]",영래기,8:42,2023-01-20,오후 7:00,,1
219,워크래프트 RTS 시리즈는 왜 끝나버렸을까?,펭귄몬스터,10:41,2023-01-20,오후 6:53,,1
220,대기업으로 이직해도 해결되지 않는 것,퇴사한 이형,7:03,2023-01-20,오후 6:44,,1
221,무조건 몰랐을 라면 가짜뉴스,너 진짜 똑똑하다,10:21,2023-01-20,오후 6:38,,1
222,도대체 정부는 취준생을 위해 무엇을 하고 있나,면접왕 이형,12:02,2023-01-20,오후 6:35,,1
223,디플 기아 vs. 디알엑스 | 매치1 하이라이트 | 01.18 | 2023 LCK 스프링 스플릿,LCK,28:27,2023-01-19,오후 1:33,,1
224,[책이벤트] 행복하게 나이드는 마법의 네 가지 기둥 | 정희원 서울아산병원 노년내과 교수 | #건강 #운동 #성장  | 세바시 1615회,세바시 강연 Sebasi Talk,17:16,2023-01-19,오후 1:32,,0
225,젠지 vs. T1 | 매치2 하이라이트 | 01.18 | 2023 LCK 스프링 스플릿,LCK,30:05,2023-01-19,오후 1:03,,1
226,새삥 롤 누나 인사 올리옵니다!🙋‍♀️ | 언니수업 Ep.1,LCK,12:40,2023-01-19,오후 12:59,,1
227,[명훈] 신캐 칼리 오픈런 드가자!!!(찍먹캐) 메이플,채널 명예훈장,11:55:00,2023-01-19,오후 12:39,,0
228,글자 생방 3천억 템셋 신직업[칼리]2일차 육성! 열렙드가자!!  메이플,글자네 YouTube,1:05:14:33,2023-01-19,오후 12:35,,0
229,"총 공사비 9조원, 3기 지하철이 모두 지어진 서울의 모습은?",역쟁이TV,9:57,2023-01-17,오후 8:37,,0
230,갓생을 꿈꾸던 대학생이 세계 170개 국가의 아침을 깨우기까지 | 알라미,EO 이오,13:08,2023-01-17,오후 8:36,,0
231,딥러닝을 이용한 자연어처리 입문 7시간 완성 - [서울대 박사 SCI(E)급 논문 7편],메타코드M,7:40:12,2023-01-16,오후 5:06,,0
232,망한 면접 특징 | 면접에서 절대 이렇게 대답하지 마세요,면접왕 이형,0:57,2023-01-16,오후 5:05,,1
233,결정적인 순간에 들어온 룸메이트ㅋㅋㅋㅋㅋㅋ,요지경,0:53,2023-01-16,오후 5:05,,0
234,'우리 애 공부 어떡하라고'...'40층 초품아'에 뿔난 부모들 / KBS  2023.01.11.,KBS News,1:58,2023-01-16,오후 4:54,,1
235,"[자막뉴스] ""진짜 배신감 엄청납니다""…에듀윌 게시판에 쏟아진 후기글 보니 / JTBC News",JTBC News,1:33,2023-01-15,오후 4:49,,0
236,이미 선을 넘어버린 프랜차이즈 갑질,호갱구조대,9:25,2023-01-15,오후 4:43,,1
237,"대기업 입사한지 '딱' 3개월만에 느낀점 | 직장인이 회사에서 배우고, 깨달은 모든 것들",만만송,10:36,2023-01-15,오후 3:27,,1
238,LCK 재벌집 막내해설,LCK,7:29,2023-01-15,오후 3:22,,0
239,"게임 그래픽의 두 번째 진화, 언리얼 엔진 5.1",RYU Russell 러셀,10:12,2023-01-15,오후 3:14,,1
240,「카트라이더 : 드리프트」 🔥이대로 정말 괜찮냐구요?,이중선,8:15,2023-01-15,오후 2:22,,1
241,보이는전화주문(브이오더) 스파이더아이앤씨,이경철,2:08,2023-01-14,오후 4:59,,0
242,05-3: Text Representation II - Distributed Representation Part 3 (GloVe & FastText),고려대학교 산업경영공학부 DSBA 연구실,24:56,2023-01-14,오후 4:11,,0
243,무엇을 상상하든 상상 이하 ! 대기업 SI/SM IT 개발자의 하루 일과 전격공개 ⭐️,복JOB한 세상,10:16,2023-01-14,오후 3:57,,0
244,딥러닝을 이용한 자연어처리 입문 7시간 완성 - [서울대 박사 SCI(E)급 논문 7편],메타코드M,7:40:12,2023-01-14,오후 3:46,,0
245,이런 사람은 코딩 배워도 실패합니다. 10년차 개발자가 말하는 개발자 취업 | 프로그래머 | 분야 | 현실 | 준비 | 국비지원 | 부트캠프 | 고졸 | 백엔드 | 프론트엔드,장코딩 jangcoding,11:18,2023-01-14,오후 3:44,,1
246,"[자막뉴스] 한국, 어쩌다 이 지경...美서 온 운동기구 쪼갰더니 / YTN", YTN,1:47,2023-01-14,오후 3:02,,1
247,부트캠프 비전공자 출신 개발자가 이 영상을 꼭 봐야 하는 이유 3가지,메타코드M,6:33,2023-01-14,오후 1:23,,1
248,[개발자 취업] 비전공자 부트캠프 고민한다면 꼭 보세요 #shorts,메타코드M,0:58,2023-01-14,오후 1:22,,1
249,[SCI급 AI 논문 리뷰] 자율주행에 모방학습 개념이 중요한 이유,메타코드M,10:50,2023-01-14,오후 1:21,,0
250,"깃, 깃허브 한번에 이해시켜드리고 포트폴리오 올리는 법까지 알려드림.  15분안에 당신은 Github 전문가가 됩니다",코딩알려주는누나,16:53,2023-01-14,오전 12:35,,1
251,넥슨 제재 착수…벼랑 내몰린 확률형 아이템/한국경제TV뉴스,한국경제TV뉴스,7:02,2023-01-12,오후 12:09,,1
252,면접관이 5초만 봐도 합격시키고 싶은 자소서 작성법 3가지,면접왕 이형,7:46,2023-01-12,오전 10:10,,1
253,리얼 면접 상황 | 면접 보기 전 꼭 해보세요,면접왕 이형,16:23,2023-01-12,오전 10:10,,1
254,안 들킬 줄 알았나요?,사망여우TV,7:00,2023-01-12,오전 8:42,,0
255,회사에서 승진의 기회를 만드는 방법,퇴사한 이형,8:54,2023-01-12,오전 8:22,,1
256,[짤툰 오리지널] 중소기업 구인난,짤툰,3:01,2023-01-10,오후 4:03,,1
257,SNL |  존나 킹받아서 흑화된 김슬기 ㄷㄷㄷ (4편),예능엑기스,1:00,2023-01-10,오후 4:02,,1
258,끝없이 늘어나는 카페…그 뒤에 숨은 '씁쓸한 이유' / SBS / 친절한 경제,SBS 뉴스,5:18,2023-01-10,오후 4:01,,1
259,이미 망한 지원동기 특,면접왕 이형,9:47,2023-01-10,오전 10:54,,1
260,합격하려면 지원동기 이렇게 쓰세요,면접왕 이형,9:22,2023-01-10,오전 10:39,,1
261,"[산학TV] 1회. 기업의 미래, 산학협력으로 한계를 돌파하라",콜라보산학,3:44,2023-01-10,오전 9:18,,0
262,"며칠 전, 또 1개 사용하셨습니다.",하와이 대저택,10:45,2023-01-10,오전 9:06,,1
263,"""니남친 토끼라며? ㅋㅋㅋ"" 주현영과 김슬기의 숨막히는 남친논쟁  #snl",크크박스 - 심심할때 딱 1분만,0:56,2023-01-10,오전 9:03,,1
264,제발 ‘목차’ 좀 넣지 마세요... ㅋㅋㅋ,페이퍼로지 PPT,0:51,2023-01-10,오전 9:02,,1
265,역량 여기서 뽑아쓰자! 필살기 엣지있게 만들기: 역량구조도,면접왕 이형,7:39,2023-01-10,오전 8:57,,1
266,경험 결론과 과정정리도 이걸로! 필살기 엣지있게 만들기: 4P,면접왕 이형,6:15,2023-01-10,오전 8:53,,1
267,"어디서부터 말해될지 모르겠다고? 필살기 엣지있게 만들기: 3C (배경과 의도, 핵심만 말하자!)",면접왕 이형,7:08,2023-01-10,오전 8:45,,1
268,애매하게 구는 남자들은 이렇게 해야 넘어옵니다,김달,12:34,2023-01-10,오전 8:21,,1
269,AI One Team Story 1화 - 자연어 처리(KAIST 서민준 교수),KT - 케이티,12:23,2023-01-09,오후 3:14,,0
270,"아직 실감이 나지 않지만, 그동안 고생 많으셨습니다 (3월 31일 서버 종료)",형독방송,8:02,2023-01-09,오후 2:33,,0
271,남자들은 이런 말 하는 여자는 일단 거르고 시작합니다,김달,9:55,2023-01-09,오후 1:59,,1
272,메이플이 밸패를 ㅈㄴ 답답하게 하는 이유 [메이플스토리 내부데이터 기반 밸런스패치],메이플 이득충,19:24,2023-01-09,오후 1:59,,1
273,회사 후배에게 꼭 가르쳐줘야 할까,퇴사한 이형,7:45,2023-01-07,오후 9:35,,1
274,이걸 또 올리네;; 애플 배터리 교체받으실 분들은 3월 전에 미리 받으세요. 제발,ITSub잇섭,10:51,2023-01-07,오후 9:34,,0
275,[NDC] Don't Get Bored - 오래해도 재미있는 게임을 만들기 위한 '메이플스토리'의 시도들,NDC,25:16,2023-01-07,오후 8:59,,1
276,메이플이 밸패를 ㅈㄴ 답답하게 하는 이유 [메이플스토리 내부데이터 기반 밸런스패치],메이플 이득충,19:24,2023-01-07,오후 8:46,,1
277,리부트 스펙업 이렇게 하는 거 아닌가요???,글자네 YouTube,8:21,2023-01-07,오후 8:28,,0
278,1-4. 분석 시작 전 가설 세우기 [데이터 분석을 위한 SQL 프로젝트 무료 강의],데이터리안 Datarian,10:04,2023-01-07,오후 8:20,,0
279,올 해는 진짜 어려워요. 안전띠 꽉 잡아요!,지식한입,12:31,2023-01-07,오후 8:14,,1
280,고백 성공률 100% 모태솔로도 15년 후 연애 할 수 있습니다 [ G식의밤 시즌3 디트로이트: 비컴 휴먼 #2 ],김성회의 G식백과,51:43,2023-01-07,오후 8:07,,0
281,"""부자가 되고싶어요."" 자본주의에 대한 한국인들의 '치명적인' 착각 (前신사임당 주언규 1부)",지식인사이드,16:38,2023-01-07,오후 7:49,,1
282,"""섭종한다고 완전 미친 카트를 그냥 주네요"" 🔥근본 끝판왕 『세이버 SRX V1』 리뷰!!",이중선,9:53,2023-01-07,오후 7:42,,0
283,"[메이플스토리 맑음] 메이플 만렙 (Lv.300)을 직접 찍어봤습니다 최근 공개된 만렙 보상과 레벨 300만 받을 수 있는 보상,혜택의 비밀 공개!",메이플스토리맑음,8:02,2023-01-07,오후 7:34,,1
284,트페 미친 개사기로 만든 라이엇 ㄷㄷ; 다음 13.1 패치 미리보기!,롤박사 해도리,4:56,2023-01-05,오후 5:30,,1
285,마커스워십 - 생명의 빛 (심종호 인도),MARKERS WORSHIP,4:59,2023-01-04,오후 10:56,,1
286,생명의 빛 - 마커스워십 | Be Your light | 심종호 인도,MARKERS WORSHIP,5:18,2023-01-04,오후 10:51,,1
287,[인공지능/딥러닝]  1조 MOOD MAEKR,코드프레소,1:42,2023-01-04,오후 6:07,,0
288,[프로젝트발표영상] 배달 매출 예측 분석,SKplanet Tacademy,10:30,2023-01-04,오후 6:05,,0
289,[프로젝트발표영상] 수도권 아파트 시장 트랜드 분석,SKplanet Tacademy,12:48,2023-01-04,오후 6:03,,0
290,[프로젝트발표영상] 개인화 음악 추천서비스 웹 데모 구축,SKplanet Tacademy,12:05,2023-01-04,오후 4:11,,0
291,지구하러갈래 머신러닝 프로젝트 presentation,지구하러 갈래?,5:07,2023-01-04,오후 2:36,,0
292,"[AIFFEL 프로젝트 발표] AI 음식 이미지 인식, 분류 연구 및 MLOPs 퍼블리싱 최종 발표",모두의연구소,22:05,2023-01-04,오후 2:30,,0
293,세계최초 3D MMORTS는 왜 망했을까,펭귄몬스터,9:24,2023-01-04,오후 1:17,,1
294,에어팟 끼고 일 하지 말랫지!! SNL코리아,쇼츠 다나와,0:59,2023-01-04,오전 9:49,,1
295,안 들킬 줄 알았나요?,사망여우TV,7:00,2023-01-04,오전 8:49,,1
296,"[한눈에 이슈] ""내년이 더 무섭다"" '소비 절벽' 현실화 되나...안 오르는 게 없다 / KBS 2022.12.31.",KBS News,17:02,2023-01-02,오후 5:19,,1
297,[메이플스토리 맑음] 오늘 꼭 알아야할 주의사항과 신규직업 칼리 육성 보상 + 준비 꿀팁 & 3주차 이벤트 정리,메이플스토리맑음,12:03,2023-01-02,오후 5:08,,1
298,이거 하나만큼은 꼭 확인해 보세요,김달,10:26,2023-01-02,오후 12:52,,0
299,[메이플스토리 월드] [갖다써요 제발] 대화 시스템,김석구,16:45,2023-01-02,오후 12:39,,1
300,[메똥꼬쇼]메이플 본캐 비추천 1위 직업. 제가 대신 해보겠습니다.,모아요,13:12,2023-01-02,오전 11:56,,1
301,남자 면접 헤어 | 면접 헤어 셀프스타일링 팁 남자 편! [면접 꿀TIP],AND (ft.인싸담당자),15:45,2023-01-02,오전 11:44,,1
302,2023년 이제 변화하고 싶다면 : 송길영의 2023 생존법,셜록현준,18:57,2023-01-02,오전 10:23,,1
303,'트렌드' 쫓지 말고 'OO'에 주목하세요 : 송길영의 2023 트렌드 분석,셜록현준,34:56,2023-01-02,오전 9:55,,1
304,1인분만 한다? 1억 모으기? MZ가 묻고 유현준이 답하다 | @Sherlock_HJ,생활변화관측소,16:36,2023-01-02,오전 9:36,,1
305,【롤】 '아쉬운 AP의 문제'와 라이엇의 공식 입장,THIRD[롤 백과사전],3:56,2023-01-02,오전 9:26,,1
306,"😤게이머의 연대서명은 무의미하지 않았습니다! [게관위 감사 확정, 확률형 아이템 규제, 카트라이더 트럭시위]",영래기,8:17,2023-01-02,오전 9:19,,1
307,🤬NC 신작은 결국 '리니지3' 였다. [쓰론 앤 리버티(TL) 프리뷰],영래기,10:47,2023-01-02,오전 9:11,,0
308,"ㄹㅇ 정신 나갈 것 같은 와일드헌터 마지막 육성.. [팡이요,  메이플스토리]",팡이요,11:04,2023-01-01,오후 7:55,,0
309,"메이플 🍄2023년 45개 전직업 코멘트, 소개 & 추천 영상🍄",오징93,20:29,2023-01-01,오후 7:41,,0
310,'트렌드' 쫓지 말고 'OO'에 주목하세요 : 송길영의 2023 트렌드 분석,셜록현준,34:56,2023-01-01,오후 2:15,,1
311,[G식백과 선정] 2022년 웃음벨 감동벨 게임뉴스 총정리,김성회의 G식백과,10:48,2023-01-01,오후 1:59,,1
312,만날수록 당신을 가난하게 만드는 사람의 특징,현대표(노아AI),11:55,2023-01-01,오후 1:48,,1
313,올해 쏘카의 행보를 주목해라?,티타임즈TV,51:53,2023-01-01,오후 1:48,,0
314,두뇌에 최악인 스마트폰? 오히려 지능을 높여주는 4가지 습관,"라이프해커,자청",17:30,2023-01-01,오후 1:47,,1
315,메이플 ❄️겨울 코인샵은 버닝 월드를 반드시 하셔야합니다❄️,오징93,8:46,2023-01-01,오전 11:36,,0
316,메이플 와헌 닭뛰3 시간당 1.6만 빌드,91,6:17,2022-12-31,오후 8:45,,1
317,글자 생방 연말방송 1년만에 도구즈 6인 모두 모였습니다!!! 메이플,글자네 YouTube,2:51:13,2022-12-31,오후 8:16,,1
318,"은퇴한 대기업 임원 ""완전히 내려놨죠"" / SBS / 모아보는 뉴스",SBS 뉴스,10:57,2022-12-31,오전 10:08,,1
319,갑자기 운영자가 개멋있는 카트바디를 공짜로 뿌리고 있다...,형독방송,12:08,2022-12-31,오전 9:59,,0
320,리부트에서 하이퍼버닝 다크나이트 쌩무자본 육성 찍먹해보기ㅋㅋㅋ,글자네 YouTube,7:41,2022-12-31,오전 9:52,,0
321,데붕이 250 마무리날 유니온으로 진격캐넌 스펙업...,진격캐넌,2:47:13,2022-12-30,오후 3:55,,1
322,글자네피시방 메이플 점유율 2위 실화야? 이게 갓겜이지ㅋㅋㅋ,글자네 YouTube,9:06,2022-12-30,오후 3:35,,1
323,면접 절대완벽 유형 | 절대 이렇게 대답하면 안 되는 이유,면접왕 이형,0:40,2022-12-30,오후 3:35,,1
324,맵 만들었는데 버그로 다 털렸습니다..,근성왕 겜마톡 GMT,6:40,2022-12-30,오후 3:29,,1
325,넥슨 본사 찾아가서 초보자 아케인리버 보내기,근성왕 겜마톡 GMT,12:26,2022-12-30,오후 3:22,,1
326,내가 매일 18시간씩 일하는 이유,근성왕 겜마톡 GMT,6:54,2022-12-30,오후 3:17,,1
327,상상도못한직업 ㅋㅋ사냥 보스부터 꿀팁까지! 초고렙 초보자 체험!!,진격캐넌,10:06,2022-12-30,오후 3:09,,1
328,상향받고 엄청나게 강력해진 진캐...바이퍼 정말 할만합니다! [ 이세계 메이플 EP.53 ],진격캐넌,9:57,2022-12-30,오후 3:08,,0
329,에테22 7칠흑 미친스펙 신직업칼리ㄷㄷ 어느정도일지 한번 봅시다!,진격캐넌,10:52,2022-12-30,오후 3:07,,0
330,본캐 스펙업을 위해 하이퍼버닝 데몬어벤져 육성을 시작합니다!,진격캐넌,8:17,2022-12-30,오후 2:59,,0
331,하이퍼버닝 사전준비하다가 인생이 망해버렸습니다..,진격캐넌,10:03,2022-12-30,오후 2:51,,1
332,취업 준비가 길어지는 이유,면접왕 이형,0:58,2022-12-30,오후 1:32,,1
333,메이플에 5억 쓴 고인물의 하이퍼버닝 직업추천!! [메이플스토리/명훈],채널 명예훈장,1:42:14,2022-12-30,오후 1:18,,1
334,꼴보기 싫은 남편 친구 1위,UPSub없섭,9:06,2022-12-30,오후 1:15,,0
335,"[메이플] 지금부터 일주일만 진행하는 슈피겔만의 투게더 위크 1~3분 컷 공략법, 깨알 꿀팁, 이벤트 보상(슈피겔만의 조리실,마스터 라이더,꼬치의 달인,미니게임)",아싸콜,5:19,2022-12-30,오전 1:27,,1
336,회사에서 혼날 때 정신승리하는 법,입사동기,5:55,2022-12-30,오전 1:04,,0
337,회사에서 사고쳤을 때 기억해야 할 명언 모음.zip,입사동기,6:10,2022-12-30,오전 12:58,,1
338,직장인 위기탈출 넘버원🏃‍♂️ 회사에서 사고 쳤을 때 현명하게 대처하는 법,입사동기,8:51,2022-12-30,오전 12:49,,1
339,신입 제발 '이거' 하지마라... 신입사원이 하지 말아야 할 7가지,입사동기,13:07,2022-12-30,오전 12:35,,1
340,첫출근 인사부터 첫출근 필수템까지! 출근 전에 꼭 보세요!,직장 튜토리얼,15:15,2022-12-30,오전 12:19,,1
341,왜 연봉을 13으로 나눠???😲 연봉구조 꼭 알아둬야 하는 이유,입사동기,13:20,2022-12-30,오전 12:05,,1
342,[메이플스토리 맑음] 몰랐던 꿀팁 100% 있습니다! 메이플 하면서 알아두면 평생 유용한 꿀팁 57가지 정리,메이플스토리맑음,11:39,2022-12-29,오후 11:51,,1
343,"""전 국민에 학습 휴가""...대학 문턱 더 낮춘다 / YTN", YTN,2:29,2022-12-29,오후 11:51,,1
344,SNL |  채수빈 개인기를 보고 터져 나온 남자의 본심 (3편),예능엑기스,1:00,2022-12-29,오후 11:50,,1
345,"[현장영상] ""서울시가 안줬다"" ""세 차례 제공""…행안부-서울시 답변 엇갈렸다 / JTBC News",JTBC News,10:01,2022-12-29,오후 11:38,,0
346,ENG) 비전공자 개발자 취준생의 밤을 본 현직 개발자의 반응 [모두가 잠든 밤],스튜디오V [ STUDIO V ],13:05,2022-12-29,오후 11:35,,1
347,다 가짜 연기였던 브이로그 유튜버,가요이 키우기 YoiKi,0:18,2022-12-29,오후 11:34,,0
348,"중소기업 거르는 필살기, 잡플래닛 평점은 거들 뿐, 면접 90% 합격 비법 까지~ 구직자 필청!!!",노가리곰,6:46,2022-12-29,오후 11:29,,1
349,채용공고만 봐도👀 악덕 회사인지 보인다? 🏢나쁜 회사 거르는 법,입사동기,6:54,2022-12-29,오후 11:23,,1
350,Witcher 3: How to Kill Everyone in White Orchard. (more or less),xLetalis,3:29,2022-12-29,오후 11:21,,1
351,𝙑𝙇𝙊𝙂. 데이터 분석가 하루 일과 | 창업 2년차 IT 스타트업 | 패스트파이브(패파) 서울숲점 후기 | 성수 직장인 브이로그,데이터리안 Datarian,21:29,2022-12-29,오후 11:20,,0
352,부트캠프 가셔도 실패하는 분 특징. 12년차 개발자가 말하는 프로그래머 롱런하는 방법,점선잇기,8:21,2022-12-29,오후 11:15,,1
353,프론트엔드와 백엔드의 차이로 고민하고 계시다면 | 개발자가 진짜로 집중해야할 것,점선잇기,7:05,2022-12-29,오후 11:09,,1
354,이 PC견적 추천해서 욕먹으면 저에게 쌍욕 토스하세요!!! 절대 욕 안먹는 컴퓨터 견적!!! | 용팔이 훈련소,용팔이 훈련소,8:30,2022-12-29,오후 11:04,,1
355,"중소기업 정규직 vs. 취준 한시즌 더해서 대기업 도전, 대신 결정해드리겠습니다! [대.결.남]",AND (ft.인싸담당자),10:12,2022-12-29,오후 10:59,,1
356,"2000만원 초반 낮은 연봉,  합격 후 입사포기해야할까?",면접왕 이형,9:11,2022-12-29,오전 10:38,,1
357,"아무도 안 하는 미친 짓을 이 사람은 합니다.. [팡이요,  메이플스토리]",팡이요,9:33,2022-12-29,오전 12:44,,1
358,10년 전 유행하던 무기에 왜 진심인건데   #shorts,글자네 YouTube,1:00,2022-12-29,오전 12:42,,1
359,"중소기업, 이 3가지로 판단하세요. 믿고 걸러야하는 중소기업 vs 그냥 가봐도 좋은 중소기업",면접왕 이형,11:09,2022-12-28,오후 11:19,,1
360,2023 만능 풀스택 개발자가 되기 위한 공부 순서 (ft. Udemy),조코딩 JoCoding,5:46,2022-12-28,오후 11:13,,0
361,[#어쩌다어른] (1시간) 당신 주위에 소시오패스가 있다😮?! 심리학자가 알려주는 소시오패스 구별 방법과 특징 | #편집자는,디글 :Diggle,53:13,2022-12-28,오후 11:11,,0
362,"[한눈에 이슈] 건실하던 대기업, 공공기관도...경기 악화에 이런 결정까지/ KBS 2022.12.28.",KBS News,10:25,2022-12-28,오후 11:01,,1
363,새로온 직원이 필요없다는데도 괴상한(?) 최고사양으로 PC 맞춰줬습니다.,ITSub잇섭,18:36,2022-12-28,오후 10:41,,1
364,AI가 인간을 능가하면 벌어지는 일들,슈카월드,30:32,2022-12-28,오후 10:10,,1
365,Curiosity driven AI learns to play Mario,Ruchir Aggarwal,2:36,2022-12-28,오후 8:21,,1
366,연봉 안오르는 개발자특징 ) 5. 실력없는데 말빨로 승부하는 개발자,팀노바,8:26,2022-12-28,오후 8:14,,1
367,🔥서비스 종료 소식에 '9년 동안 묵혀놓았던 역대급 초희귀 카트' 를 꺼냈습니다...,이중선,9:13,2022-12-28,오후 8:11,,0
368,더 나은 내일을 위한 카카오의 약속 | if(kakao)dev2022,카카오,34:06,2022-12-28,오전 9:44,,1
369,[특강] IT 대기업 100%  합격하는 방법,큰돌의터전,25:15,2022-12-28,오전 9:44,,0
370,그래도 안 깨집니다 | 강화유리 사기 전 봐야할 영상,Dragon Lake,40:09,2022-12-28,오전 9:43,,0
371,(입중계) 대한민국 vs 가나 with 하이라이트,OFFICIAL HIGHLIGHT,3:04:31,2022-12-28,오전 2:03,,1
372,붕어빵 사냥 [닌자 머스트 다이],PAKA,16:44,2022-12-28,오전 1:46,,1
373,"미쳤따리 미쳤다!🥳 성능, 디자인, 조작감 전부 역대급 UMPC '아야네오 2'",도레,11:16,2022-12-28,오전 1:42,,1
374,[메이플] 리마스터 1.7 플위 스우 5분컷!!,만불,5:41,2022-12-27,오후 10:19,,1
375,메강력 캡존탁의 야간 메이플 [메이플:LIVE],캡틴김수호,8:42:09,2022-12-27,오후 10:16,,0
376,"메악귀가 알려주는 하이퍼 버닝 직업 추천 [메이플스토리, 페이지]",페이지,6:28,2022-12-27,오후 10:13,,1
377,하이퍼버닝 유입 메린이분들 지금 이 템세팅은 절대 하지마세요!!,글자네 YouTube,11:49,2022-12-27,오후 10:12,,0
378,에테르넬 굉장하다,글자네 YouTube,0:30,2022-12-27,오후 10:12,,1
379,"위쳐 3 차세대 버전 ""무조건 따라하기"" 끝내주게 재밌다(기타 꿀팁 및 불사신 스킬)",라미월드,25:58,2022-12-27,오후 10:10,,0
380,Witcher 3: Don't Miss These Quests in the Next Gen Edition.,xLetalis,13:41,2022-12-27,오후 10:08,,0
381,"토플 단기간 고득점 공부방법 모두 공개합니다 | 리딩, 리스닝 꿀팁과 스피킹 라이팅 템플릿 공유",곰사원은 곰대표,12:24,2022-12-27,오후 10:07,,0
382,"[현장영상] 대통령에게 참사 보고받은 이상민 ""문제 있다고 생각하지 않는다"" / JTBC News",JTBC News,6:00,2022-12-27,오후 10:01,,1
383,"[가야가야를 만나다] 월 1억, 매장 4개 냈던 '골목식당' 백종원 극찬 대박맛집...충격적인 현재 근황 (직접 먹어봤습니다)",근황올림픽,7:00,2022-12-27,오후 9:57,,1
384,SK 하이닉스 Gold P31 막차 특집!,퀘이사존 QUASARZONE,1:10:34,2022-12-27,오후 9:56,,1
385,[오리건 트레일] 마차로 미국 대륙을 횡단하는 꿀잼 생존게임🐮 (The Oregon Trail),옥냥이 RoofTopCAT,5:25:26,2022-12-27,오후 1:40,,0
386,AMD Ryzen 7 5700X + RTX 3060Ti - Test in 16 Games,ALAN GAME HUB,38:46,2022-12-27,오후 1:40,,1
387,RTX 3080 vs RTX 3080 Ti vs RTX 4080 Test in 7 Games // 4K // Benchmark,Hardware for Gamers,6:59,2022-12-27,오후 1:38,,1
388,GTX 1060 vs RTX 3060 - How Big is the Difference?,Testing Games,9:49,2022-12-27,오후 1:37,,1
389,DDR5 6400 VS DDR5 7200 을 쓰면 RTX 4090 프레임은? / PALIT RTX 4090 GAMEROCK OC REVIEW,Luv IT ATO  러빗아토,6:37,2022-12-27,오후 1:34,,0
390,[상인의 전설] 10000원으로 시작해서 재벌집 상인 아들이 되어보자! 과몰입 레전드 경영게임😎 (※시간순삭) (Legend of Merchant),옥냥이 RoofTopCAT,3:04:02,2022-12-27,오후 1:23,,0
391,극한의 추위에서 살아남기,랄로,33:58,2022-12-27,오후 12:54,,0
392,건설사 이어 부품차도 부도…지역 경제 파장 잇따라 / KBS  2022.12.26.,KBS News,2:39,2022-12-27,오후 12:48,,0
393,카드사들이 똘똘뭉쳐 애플페이를 방어한다? 뜬금포 '오픈페이' 출시 소식,ITSub잇섭,8:35,2022-12-27,오후 12:44,,0
394,‘웹3-블록체인-토큰-메타버스-VR·AR’ 완벽한 위계정리 (김지현 SK 부사장),티타임즈TV,19:00,2022-12-27,오후 12:34,,0
395,통신비 다이어트 가능? SKT 다이렉트 플랜 비교해봤습니다,뻘짓연구소,6:02,2022-12-27,오후 12:25,,1
396,책을 읽어야 하는 이유에 대한 가장 과학적인 설명(f. 진화학자 장대익 교수),티타임즈TV,30:50,2022-12-27,오전 11:52,,1
397,이제 ‘공감’이 기업을 키우는 키워드이다(f.진화학자 장대익 교수),티타임즈TV,19:55,2022-12-27,오전 11:32,,1
398,메타버스 콘텐츠가 갖춰야 할 두 가지 키워드,티타임즈TV,26:33,2022-12-27,오전 11:05,,0
399,AI개발자의 취업준비 꿀팁,IN THIS WORK · 인디스워크,11:35,2022-12-27,오전 11:02,,0
400,"""중국 비밀경찰 한국 내 거점"" 지목된 중식당…가 봤더니 / SBS",SBS 뉴스,3:44,2022-12-27,오전 11:02,,1
401,시청 거리의 진실(부모님 시청 금지),퀘이사존 QUASARZONE,10:51,2022-12-26,오후 11:34,,0
402,"[자존감] 자존감 바닥일 때 보는 영상 | 멘탈 강한 사람들의 특징 | 죄책감, 비교에 찌든 마음 회복하기",말많은소녀,1:16:55,2022-12-26,오후 10:48,,1
403,🤫 잘되는 사람과 그저 그렇게 사는 사람의 결정적인 차이점 6가지,말많은소녀,12:27,2022-12-26,오후 10:35,,0
404,[Radio] 30대 후반까지 결혼 안 하면 생기는 일 | 언니는네편 ep.01,말많은소녀,55:54,2022-12-26,오후 9:33,,1
405,이름만 대면 누구나 알만한 대기업들이 왜....,호갱구조대,4:00,2022-12-26,오후 9:15,,0
406,[상인의 전설] 10000원으로 시작해서 재벌집 상인 아들이 되어보자! 과몰입 레전드 경영게임😎 (※시간순삭) (Legend of Merchant),옥냥이 RoofTopCAT,3:04:02,2022-12-26,오후 7:24,,0
407,무료배포게임 2개 / 한글화된 스팀 게임은 신작과도 같다! 도트갓겜 한글화,말 많은 게이머 듀리,8:18,2022-12-26,오후 6:47,,1
408,웰메이드 똥퀄로 하루만에 본전 뽑은 게임 [염소 시뮬레이터],김성회의 G식백과,11:36,2022-12-26,오후 6:35,,1
409,이렇게 하면 커리어 망가집니다,퇴사한 이형,11:34,2022-12-26,오후 1:57,,1
410,지금 취준생에게 취업이 어려운 이유,면접왕 이형,11:47,2022-12-26,오후 1:53,,1
411,"올해의 마지막 세일, 미친 가성비 알리발 16인치 포터블 모니터 2차 공동구매 및 할인코드",집연구소 HomeLabs,2:21,2022-12-26,오전 11:25,,1
412,직무부트캠프: 5주 인턴은 어떻게 진행되나요?,코멘토,1:11,2022-12-25,오후 10:52,,0
413,"'SKY' 수시 합격생 1/3 등록 포기...""의대 지원 강화"" / YTN", YTN,2:20,2022-12-25,오후 10:14,,1
414,How to Improve Your Decision-Making,The Art of Improvement,8:20,2022-12-25,오후 10:14,,0
415,성탄절 기념 무료배포 (영구소장),방앗간 비둘기,1:01,2022-12-25,오후 2:23,,1
416,크리스마스엔 핫초코 먹으면서 페이커 영상 보는 게 국룰이죠! [Faker Stream Highlight],T1 Faker,7:05,2022-12-25,오후 2:17,,1
417,20년의 노하우로 완성된 궁극의 이벤트 맛집 [메이플스토리 쇼케이스 요약/업데이트 리뷰],메이플 이득충,25:15,2022-12-25,오전 2:46,,1
